antecedents,consequents,antecedent support,consequent support,support,confidence,lift,representativity,leverage,conviction,zhangs_metric,jaccard,certainty,kulczynski
Mae_35_39_alta,Queda_nascimento_alta,0.3783783783783784,0.3783783783783784,0.2972972972972973,0.7857142857142857,2.076530612244898,1.0,0.15412710007304603,2.9009009009009006,0.8339920948616601,0.6470588235294118,0.65527950310559,0.7857142857142857
Queda_nascimento_alta,Mae_35_39_alta,0.3783783783783784,0.3783783783783784,0.2972972972972973,0.7857142857142857,2.076530612244898,1.0,0.15412710007304603,2.9009009009009006,0.8339920948616601,0.6470588235294118,0.65527950310559,0.7857142857142857
